MouseID,Genotype,Sex,Submuc,Mucosal,Score
J9,WT,Female,0,0,0
K5,MUT,Female,0,0,0
J8,WT,Female,0,0,0
G5,WT,Male,0,0,0
Y8,MUT,Male,0,0,0
G11,WT,Male,0,0,0
G10,WT,Male,0,0,0
MW1,WT,Male,0,0,0
J14,WT,Female,0,0,1
K6,MUT,Female,0,1,1
J13,WT,Female,0,0,1
K8,MUT,Female,0,1,1
K4,MUT,Female,0,0,1
K10,MUT,Female,0,0,1
J10,WT,Female,0,0.5,1
J11,WT,Female,0,0,1
J12,WT,Female,0,0,1
J2,WT,Female,0,0,1
K3,MUT,Female,0,0,1
J7,WT,Female,0,1,1
J5,WT,Female,0,0,1
J6,WT,Female,0,0,1
G7,WT,Male,0,1,1
G12,WT,Male,0,0,1
Y5,MUT,Male,0,0,1
MM3,MUT,Male,0,0,1
MW3,WT,Male,0,0,1
MW2,WT,Male,0,1,1
K7,MUT,Female,1,0,2
K1,MUT,Female,0.5,0,2
J1,WT,Female,0,1,2
K9,MUT,Female,0.5,1,2
J3,WT,Female,0,0.5,2
K2,MUT,Female,0,0,2
G8,WT,Male,0,0,2
Y4,MUT,Male,0,0.5,2
G4,WT,Male,0,2,2
Y9,MUT,Male,0,1,2
Y6,MUT,Male,1,1,2
MM1,MUT,Male,0,1,2
MM2,MUT,Male,0,0,2
